Month,Monthly Growth of Nominal Exchange Rate (%),Real Exchange Rate (%),Monthly Growth in the Real Exchange Rate (%),Monthly Inflation Rate Germany(%),Monthly Growth in Industrial Production (%),Yearly Growth of Industrial Production (%),International Reserve Index Germany,Monthly Inflation Rate US(%),International Reserve Index US
1960-01-01,0.0,2.2925351246950827,0.0,0.0,0.0,0.0,100.0,0.0,100.0
1960-02-01,0.0,2.3135035685797085,0.9146400270493071,-0.5681466024831106,-0.4881808838642976,0.0,101.74014255239545,0.3412969283275391,99.61635340183723
1960-03-01,0.0,2.3135035685797085,0.0,0.0,3.743867802736922,0.0,105.1289635967851,0.0,99.37890223064426
1960-04-01,0.0,2.3081838286179117,-0.22994301949845752,0.5713929521274475,6.470881035341058,0.0,110.83717095932325,0.34013605442169137,99.06835334596636
1960-05-01,0.0,2.3016449414975164,-0.28329143629390874,0.2840962566598604,-1.636278634876276,0.0,114.66793419521721,0.0,98.8648902835912
1960-06-01,0.0,2.309447127739879,0.33898305084738567,0.0,1.9961977186313096,0.0,123.699707899332,0.33898305084736347,98.56458439061183
1960-07-01,0.0,2.309447127739879,0.0,0.0,-5.96458527493019,0.0,129.64704840787977,0.0,97.77121812450822
1960-08-01,0.0,2.309447127739879,0.0,0.0,-3.6917740336967486,0.0,134.59929911711575,0.0,96.85866068227638
1960-09-01,0.0,2.3160081805793262,0.2840962566598382,-0.28329143629389764,11.242603550295915,0.0,140.62349347213757,0.0,95.12014563671833
1960-10-01,0.0,2.3250515002246037,0.39047010805528526,0.2840962566598604,3.561517113783519,0.0,145.61221905707927,0.6756756756755022,93.43563909284342
1960-11-01,0.0,2.318483435200778,-0.28249116302117017,0.2832914362943084,3.84100044662794,0.0,146.26355403676533,0.0,91.06112738091359
1960-12-01,0.0,2.318483435200778,0.0,0.0,-3.2903225806451664,0.0,149.31214273005716,0.0,90.1327398606022
1961-01-01,0.0,2.299000019521793,-0.8403517309278463,0.8474734890623337,-7.138092061374235,0.0,147.91524796320502,0.0,88.72386291152384
1961-02-01,0.0,2.299000019521793,0.0,0.0,3.999042145593834,-919.1722121396033,149.3919767612181,0.0,88.3597711156946
1961-03-01,-4.761904763038549,2.189523828089927,-4.761904763038571,0.0,4.075523831452887,8.858646891151206,157.6186912137976,0.0,88.4072613499332
1961-04-01,0.0,2.189523828089927,0.0,0.0,2.0575221238938957,-68.20336963920941,150.53685665309985,0.0,89.23089100060061
1961-05-01,0.0,2.1712774603684664,-0.8333486709472537,0.8403517309282238,-2.1244309559940278,29.833080424879014,151.54492386298892,0.0,89.37894878969742
1961-06-01,0.0,2.1592821966906275,-0.552451904318263,0.5555208900542397,-1.7497231450718354,-187.65279755311667,154.51636252621233,0.0,89.89575427994097
1961-07-01,0.0,2.1737740235140666,0.6711409395978807,0.0,-4.508566275924453,-24.411068530205203,152.12553884208978,0.6711409395978807,89.55447642016752
1961-08-01,0.0,2.166528110102355,-0.3333333333332522,0.0,-2.950897072710168,-20.0683182184015,150.46981879086243,-0.3333333333332411,91.44896429386212
1961-09-01,0.0,2.1737740235140666,0.334448160535028,0.0,11.311116516662633,0.6094048061039653,151.04991478890523,0.334448160535028,90.88746211257049
1961-10-01,0.0,2.1737740235140666,0.0,0.0,0.19667832167857835,-94.47768140949236,146.2420091788209,0.0,89.26255115675968
1961-11-01,0.0,2.1618299874834412,-0.5494607949779851,0.5524965468967968,4.972737186477505,29.464634424688228,143.75543018863178,0.0,87.66091972753644
1961-12-01,0.0,2.1618299874834412,0.0,0.0,-2.5140245169333664,-23.593372524574278,151.7093809068036,0.0,87.31172682872322
1962-01-01,0.0,2.1383314020416053,-1.086976569752851,1.0989215899556148,-9.718670076726365,36.152209766475245,136.7543742836147,0.0,86.831702990488
1962-02-01,0.0,2.1396448139309046,0.06142227944860856,0.27174414243811285,5.594900849858497,39.906023646762236,136.40948294016988,0.3333333333332522,86.19011923773519
1962-03-01,0.0,2.1338628160406135,-0.2702316689501605,0.27096389921725805,0.3129890453833939,-92.3202744401125,140.74726608780608,0.0,85.3366917930357
1962-04-01,0.0,2.1351811929136644,0.0617835815470702,0.2702753462851204,5.281925562736922,156.71294132870796,138.70464169379164,0.3322259136211647,84.70209189825917
1962-05-01,0.0,2.1351811929136644,0.0,0.0,-0.08467400508044287,-96.01427361799934,139.48959133228132,0.0,84.38595592720027
1962-06-01,0.0,2.1351811929136644,0.0,0.0,2.0550847457625476,-217.45199527998332,144.61247037115973,0.0,86.08908609234523
1962-07-01,0.0,2.136492481606613,0.06141346211274712,0.26954682766286986,-9.362673863400495,107.66410629021391,142.63312808259562,0.3311258278144935,82.80294811924705
1962-08-01,0.0,2.1480413065126402,0.5405506925698633,-0.537644451762298,-1.488776912505596,-49.54832798901146,143.54448217233227,0.0,82.12365153342242
1962-09-01,0.0,2.1551305517486536,0.3300330033002341,0.0,13.299232736572964,17.576657591508297,148.17363510401128,0.3300330033002341,81.9918894129369
1962-10-01,0.0,2.1493214657144133,-0.26954682766326954,0.2702753462851204,-1.2312743689720351,-726.0346124898533,149.2023031987917,0.0,81.17896834449976
1962-11-01,0.0,2.143543611908943,-0.2688222258809492,0.26954682766286986,6.378558071888629,28.270564735132393,147.80589083348295,0.0,80.4829104995321
1962-12-01,0.0,2.1320805988620686,-0.5347692943212801,0.5376444517619205,-3.5546874999999423,41.39430526858933,147.3336451565993,0.0,80.17655192963997
1963-01-01,0.0,2.1039532678755672,-1.3192433251122626,0.6646080154570466,-12.89995949777234,32.73379377970982,143.76091752825795,0.0,79.97867595364582
1963-02-01,0.0,2.0874297671044064,-0.7853549327093701,0.7915715791521727,2.8132992327366324,-49.716727637670566,144.26650939808206,0.0,79.6825603754522
1963-03-01,0.0,2.0942963123909326,0.32894736842097316,0.0,6.739032112166443,-46.981075325665344,147.47746927442665,0.32894736842097316,80.02802855001141
1963-04-01,0.0,2.088828074285196,-0.26110145318900546,0.2617849775696568,2.9449152542373236,-44.245423013660115,147.68140996434903,0.0,79.80175155158045
1963-05-01,0.0,2.0942963123909326,0.261784977569679,-0.26110145318899436,-1.2348219798313909,95.18018450029703,152.81445510832125,0.0,79.67930124172995
1963-06-01,0.0,2.1122218164945217,0.8559201483349099,-0.5235699551393247,6.876432590122894,234.60579201425418,153.05988217938017,0.3278688524589235,79.45162747170374
1963-07-01,0.0,2.1191245021693534,0.3267973856215356,0.0,-12.692532657438049,35.56525456957612,154.4128391711809,0.3267973856215356,78.28951350445337
1963-08-01,0.0,2.1247159645980336,0.2638571930509981,-0.26316281902355465,0.0,-100.0,155.6044206604866,0.0,78.09769020537199
1963-09-01,0.0,2.1191245021693534,-0.26316281902357685,0.2638571930509759,11.523001339883777,-13.355893771259009,157.2609991345356,0.0,78.39613373622434
1963-10-01,0.0,2.1093739241962077,-0.46012294054285086,0.7894884570694982,1.8622346816180357,-251.2444933920598,157.9526071251851,0.32573289902271263,78.90735214008689
1963-11-01,0.0,2.1038806612164094,-0.26042148889706684,0.26110145318900546,7.214468252408013,13.10500227635113,161.21544577106366,0.0,78.2988253150884
1963-12-01,0.0,2.0943499123163773,-0.4530080567650474,0.7812223817709407,-7.664099743307506,115.60544332821468,162.43181801950988,0.32467532467523874,78.41941326281189
1964-01-01,0.0,2.0835818451402273,-0.5141484292011445,0.5168055769571023,-6.473391580619515,-49.81851236248154,160.68056960332032,0.0,78.59587207434551
1964-02-01,0.0,2.078239227967413,-0.2564150376562102,0.2570742146003946,5.923566878980657,110.55587724376255,165.21235064791807,0.0,78.08186012729246
1964-03-01,0.0,2.078239227967413,0.0,0.0,1.3229104028865013,-80.3694301960936,164.7652809759709,0.0,78.65686443400489
1964-04-01,0.0,2.078239227967413,0.0,0.0,3.580613254203713,21.586291797419573,161.59161922941004,0.0,78.67967837006069
1964-05-01,0.0,2.078239227967413,0.0,0.0,5.156608097784621,-517.5993124522072,160.40757167193837,0.0,78.47761207928076
1964-06-01,0.0,2.0903248284578315,0.5815307654566171,-0.2564150376562102,-4.649473301852591,-167.61461325936588,166.85479346159096,0.3236245954691741,77.24705630386302
1964-07-01,0.0,2.0916906145561955,0.06533846222223083,0.2570742146003946,-6.552380952380887,-48.37609538439063,164.38667260563125,0.3225806451611968,77.42118716273787
1964-08-01,0.0,2.084964921261804,-0.3215434083600588,0.0,-2.935181410517751,0.0,163.8199351497147,-0.3215434083600366,77.70892211135995
1964-09-01,0.0,2.0916906145561955,0.322580645161219,0.0,12.011759764804776,4.24158958681444,164.72667842918852,0.3225806451611968,76.92021175057384
1964-10-01,0.0,2.0863409226936334,-0.25575923252384447,0.2564150376562102,4.255718035245493,128.52748245177327,163.24769442074458,0.0,76.28933658005131
1964-11-01,0.0,2.0823975663389462,-0.18900824461592913,0.5115184650476667,4.279805790325586,-40.67746033954628,160.80619803767354,0.3215434083600588,79.22116015848702
1964-12-01,0.0,2.0666223808698048,-0.7575491694833181,0.7633317830663344,-6.414899120538142,-16.299378460727876,167.34364255676383,0.0,77.62511581564479
1965-01-01,0.0,2.061416685457539,-0.2518938854264574,0.2525299930377978,-2.671826054910653,-58.72602450144141,158.78274585896594,0.0,76.09099501352541
1965-02-01,0.0,2.061416685457539,0.0,0.0,1.760696705793352,-70.27641045058417,160.8488353505355,0.0,74.47073996303212
1965-03-01,0.0,2.0576575630499354,-0.18235626179426978,0.5037877708533145,-1.1162790697675784,-184.38054968287594,164.36764479461317,0.32051282051273056,73.69785968032554
1965-04-01,0.0,2.0590708740943686,0.06868543482707601,0.2506312359100038,6.641580432737704,85.48723252756642,163.50200567450247,0.31948881789127803,72.5962724822028
1965-05-01,0.0,2.053935938817856,-0.24938118163471135,0.25000464617546125,0.08821453775582633,-98.2892914085574,159.83362864247474,0.0,71.79405999599592
1965-06-01,0.0,2.0516697255568714,-0.11033514814920986,0.7481032441317037,-0.7403490216818187,-84.07671205710923,157.681946552409,0.6369426751597684,73.38544843352066
1965-07-01,0.0,2.0466037793762064,-0.24691821093622002,0.24752940611736385,-9.163558870538024,39.85082578582879,155.54449618265633,0.0,72.4719598102253
1965-08-01,0.0,2.0466037793762064,0.0,0.0,-3.2649071358748616,11.23357228195816,153.71992679971694,0.0,73.797961644652
1965-09-01,0.0,2.0466037793762064,0.0,0.0,13.985448666127853,16.431305154021747,155.66239539325187,0.0,73.19641867762978
1965-10-01,0.0,2.0429913382905514,-0.1765090596459351,0.4938364218727953,2.3936170212764063,-43.755272284190944,156.6749506510529,0.3164556962024445,72.8155656226575
1965-11-01,0.0,2.033000975070885,-0.48900663612336803,0.49140966198100156,4.034632034632146,-5.728618720215062,157.2744420066099,0.0,72.38955028610539
1965-12-01,0.0,2.0294898871306453,-0.17270468550154572,0.4890066361237011,-7.589880159786944,18.316438297321703,157.15092748830827,0.3154574132491428,71.93373715552121
1966-01-01,0.0,2.019662458478686,-0.4842314669453063,0.4865876775945077,-4.358789625360327,63.138974460898666,153.7382024376005,0.0,70.88383050642283
1966-02-01,0.0,2.027455552540083,0.3858612130299699,0.24213529838041925,3.1638418079095842,79.69260676750056,152.68185921243395,0.6289308176099073,69.6607241795131
1966-03-01,0.0,2.028890557487913,0.07077861440820676,0.24155041955165046,2.957283680175249,-364.9233296823336,151.43751851662944,0.3124999999999156,69.95916771036545
1966-04-01,0.0,2.0268792074277746,-0.09913546360177383,0.7229050784040458,4.875886524822759,-26.585447933619527,151.61934556671636,0.6230529595014023,69.43770631480439
1966-05-01,0.0,2.0268792074277746,0.0,0.0,-1.6568047337276792,-79.54680682738534,151.92310819037914,0.0,69.39394080481979
1966-06-01,0.0,2.0331543752526406,0.30959752322041734,0.0,0.24067388688324698,-132.50816572115116,156.91052731185277,0.30959752322041734,69.64210055824304
1966-07-01,0.0,2.0394295430774925,0.3086419753085323,0.0,-8.609157948893786,-6.050061220501406,162.35723190197788,0.30864197530855453,70.52858493069685
1966-08-01,0.0,2.0569007853217958,0.8566729997418365,-0.23923888938711668,-7.7688121598799675,137.9489472921331,162.2425938220982,0.6153846153844622,69.9065559802776
1966-09-01,0.0,2.0569007853217958,0.0,0.0,14.954221770091603,6.927007685567331,162.67837297655313,0.0,69.26124750327077
1966-10-01,0.0,2.0645302143769015,0.37091867092229336,0.23981261442247437,2.7964601769911335,16.829891838749933,166.47253253414345,0.6116207951068819,69.2780087624138
1966-11-01,0.0,2.0449616310170318,-0.9478467897247933,0.9569168958019736,1.5151515151513806,-62.446351931334846,167.4177829348582,0.0,68.5121123376835
1966-12-01,0.0,2.0401271158553858,-0.23641104499557697,0.23697127125430484,-7.021709633649786,-7.485895879456236,170.48842875316146,0.0,69.28778616358059
1967-01-01,0.0,2.0353154054364304,-0.2358534613632557,0.23641104499592114,-8.555271798613617,96.27631828885022,164.89524699636902,0.0,66.09430070630083
1967-02-01,0.0,2.0353154054364304,0.0,0.0,3.790145621384333,19.79567410446987,168.8091445341221,0.0,65.17103468183872
1967-03-01,0.0,2.036698151362411,0.06793767306467746,0.23585346136292262,2.4216798001153617,-18.111346018321356,170.379544974194,0.30395136778107457,64.50570581196662
1967-04-01,0.0,2.0428699639422954,0.30303030303022727,0.0,3.4903358979170074,-28.41638376635759,169.51865472304647,0.30303030303022727,64.74362257369135
1967-05-01,0.0,2.044231729890442,0.06665945322916755,0.2352985017021192,-0.3445149592021468,-79.20606139101163,166.37666649541126,0.30211480362596355,64.9149598893757
1967-06-01,0.0,2.050389054378062,0.30120481927702336,0.0,-1.601164483260642,-765.2838427948692,165.3059868308632,0.30120481927704557,66.45978927372533
1967-07-01,0.0,2.0565463788656824,0.3003003003002158,0.0,-4.215976331361071,-51.02916735424986,166.0429534209412,0.3003003003002158,66.2237348741276
1967-08-01,0.0,2.072433619517342,0.7725204165063726,-0.4694922950683189,-7.799227799227659,0.3915095219416619,167.1305537161794,0.2994011976046984,67.9985659811622
1967-09-01,0.0,2.078619988530825,0.29850746268649253,0.0,18.3835845896148,22.93240579313803,169.6102810328874,0.29850746268649253,68.20249463406913
1967-10-01,0.0,2.079900839421616,0.06162025275704419,0.23585346136292262,2.971347718429418,6.253889931179196,170.68397550038887,0.29761904761895774,69.49730190286851
1967-11-01,0.0,2.081175676816163,0.061293181404820096,0.2352985017021192,4.706286499484547,210.61490896600765,173.9680592312373,0.2967359050444429,71.8760039295841
1967-12-01,0.0,2.0873330013037834,0.29585798816560427,0.0,0.8366141732284893,-111.91467914337024,172.58717770667985,0.29585798816560427,69.04800703972886
1968-01-01,0.0,2.080116466310345,-0.34572993331351,0.9389466544311498,-14.364730762973865,67.90501928064602,167.39909724144596,0.5899705014754231,68.06933574198835
1968-02-01,0.0,2.081376014304928,0.060551801544916906,0.2325625096305295,5.642097264437718,48.86228203487779,174.23441021768537,0.2932551319647203,68.85990846490145
1968-03-01,0.0,2.0874619090835957,0.29239766081863294,0.0,5.700413594677189,135.39088835797526,181.1936316730731,0.29239766081863294,64.84046540429554
1968-04-01,0.0,2.0935478038622635,0.2915451895042942,0.0,3.5556311670635665,1.8707445660323583,180.78347470258305,0.2915451895042942,64.43633282273572
1968-05-01,0.0,2.0996336986409316,0.29069767441853855,0.0,0.8378511582061376,-343.1973230266968,178.4662721785979,0.29069767441853855,66.80432626722103
1968-06-01,0.0,2.111805488198267,0.57971014492737,0.0,7.201042684913483,-549.7378476850262,188.16955988544123,0.5797101449273923,65.47413411800859
1968-07-01,0.0,2.123977277755616,0.576368876081168,0.0,-15.410334346504474,265.5223164293585,187.0307950273977,0.576368876081168,66.88580461027745
1968-08-01,0.0,2.135016900905045,0.5197618291422845,-0.23202291132502495,2.26374416097741,-129.02523453926534,189.6103403121013,0.2865329512893311,67.17074601570903
1968-09-01,0.0,2.1411169491933433,0.2857142857142003,0.0,13.38721011946593,-27.17845611552497,195.08558198812653,0.2857142857142003,68.13405282590173
1968-10-01,0.0,2.1483208568702867,0.33645559060460073,0.2325625096305295,1.084598698481476,-63.49808904039113,192.0678236746157,0.5698005698004049,67.17307396836777
1968-11-01,0.0,2.1395142618135257,-0.4099292258229359,0.6960687339754301,10.193133047210257,116.58547664547523,230.59956999970552,0.28328611898011946,72.91008050060294
1968-12-01,0.0,2.1406256783497026,0.05194714314429305,0.23041903645513173,-5.828348866323441,-796.6591115510123,210.61705041587518,0.2824858757061399,73.14380694754192
1969-01-01,0.0,2.1417319965504036,0.05168200175724724,0.22988932768137627,-8.655834564254105,-39.742451793352465,181.55685999235988,0.28169014084500343,71.95236077679125
1969-02-01,0.0,2.1439294776283826,0.10260299054776212,0.45872409761915645,6.0155239327295495,6.618579063596611,177.6320106934151,0.5617977528094675,72.16373887820617
1969-03-01,0.0,2.156971479680664,0.6083223440123797,0.22827781783074652,3.4777303233680223,-38.991614106467935,171.6731389112643,0.8379888268154057,73.36961835544112
1969-04-01,0.0,2.1689214601775073,0.5540166204984986,0.0,3.228183962264075,-9.209256793356188,186.66822765045444,0.5540166204984764,74.25051564151393
1969-05-01,0.0,2.169953411358296,0.04757900180969443,0.22779470940521573,2.327573896901325,177.80279040071085,244.91021299687122,0.2754820936638369,74.81993286184533
1969-06-01,0.0,2.1818762322998353,0.5494505494510138,0.0,0.8372871895061085,-88.37269509233346,213.5237735700247,0.5494505494510138,74.7603372737812
1969-07-01,0.0,2.193799053241361,0.5464480874315392,0.0,-12.288956545806851,-20.255094604132616,213.86364989356403,0.5464480874315392,74.19557595876731
1969-08-01,0.0,2.2107463919164694,0.7725109849996858,-0.22727698445892397,-0.3628905017355355,-116.03054390999958,226.52170831561733,0.5434782608694455,75.40285220759752
1969-09-01,0.0,2.2167213821648906,0.2702702702702009,0.0,11.480601741884255,-14.242014285032653,260.2974244157197,0.2702702702702009,77.95475391212446
1969-10-01,-1.000000082740371e-07,2.223606103371583,0.3105812603282132,0.22779470940521573,4.034090909090948,271.9431818182149,226.3167302738051,0.539083557951936,75.96481997942091
1969-11-01,-5.000000413701855e-08,2.040870538716484,0.08231135250686417,0.22727698445892397,9.393773894047076,-7.842134007874607,185.89427277502898,0.5361930294904615,74.49588185174666
1969-12-01,0.0,2.0378917135623342,-0.14595855531448487,0.6802848225466951,-7.775836245631562,33.41404957003902,148.88835426844162,0.533333333333208,78.98091544410353
1970-01-01,0.0,2.020543704385175,-0.851272374371359,1.1261106324803594,-7.673568818514054,-11.348018939693024,148.55978917068276,0.2652519893898475,80.99659653321291
1970-02-01,0.0,2.0267204732733997,0.3056983560820292,0.22272131761176261,6.156552330694853,2.344407561874864,152.0715893083212,0.5291005291003792,82.26812427542475
1970-03-01,0.0,2.028372266929463,0.08150081265994036,0.444452744215762,4.4739022369510995,28.644311690572096,155.8431419833826,0.5263157894741299,80.78289047913923
1970-04-01,0.0,2.0352959901593923,0.34134381261337055,0.4424861025897231,-0.7533703409993153,-123.33728033488345,159.21111890001671,0.7853403141359294,78.77191185440053
1970-05-01,0.0,2.0405824732507134,0.2597402597401599,0.0,8.736183246770679,275.33430231371256,166.1890863235434,0.2597402597401821,75.26219730795555
1970-06-01,0.0,2.046647322240448,0.2972116574182504,0.2202683942621686,-7.238211879975543,-964.4837721983009,187.2880960448706,0.5181347150257531,76.02297223683661
1970-07-01,0.0,2.057197050705614,0.5154639175261932,0.0,-9.717454449432307,-20.925308725678374,211.92163485233522,0.5154639175262155,74.79893472886336
1970-08-01,0.0,2.057197050705614,0.0,0.0,-4.15326118748176,-6.637667253096945,217.5098662091297,0.0,73.5437026552628
1970-09-01,0.0,2.0677467791707684,0.5128205128204,0.0,12.358864815380088,7.649974219484483,239.878755897646,0.5128205128203778,72.29545443963852
1970-10-01,0.0,2.069201682574742,0.07036177827137724,0.43953304009805017,3.734383487235071,-7.429367076990684,252.2617713443937,0.5102040816325148,70.39677625115816
1970-11-01,0.0,2.0706431788267636,0.06966436689863631,0.4376449637059743,4.555570100798656,-51.504367124638115,287.77344644319857,0.5076142131978489,69.32778039025798
1970-12-01,0.0,2.0675870794471183,-0.14759179229406616,0.6536069675824541,-5.984725178414918,-23.034320819485938,288.3842091255616,0.505050505050364,67.44958818517468
1971-01-01,0.0,2.0454504746391415,-1.0706492136667967,1.08223616667531,-3.009721667332621,-60.77807160507831,297.24766857402824,0.0,68.43710570301843
1971-02-01,0.0,2.0331746994274624,-0.6001502047535467,0.8565470550658372,2.224358094191947,-63.870069241482476,315.0163747807078,0.2512562814075192,67.66795014456586
1971-03-01,0.0,2.029651736968702,-0.1732739670502803,0.42463631765943255,-0.3357958361316027,-107.50565878168233,335.24062297185776,0.2506265664159901,66.77308514254054
1971-04-01,0.0,2.021902415138978,-0.38180549345364634,0.6342270070072598,5.781671159029678,-867.4407717405657,354.8922241146146,0.24999999999992806,66.61264264529918
1971-05-01,-3.0491804256527866,1.965897661028071,-2.769903912848215,0.21008795650783174,0.20384762390111,-97.66662834165638,404.7504242590978,0.49875311720684046,64.30042694651762
1971-06-01,-0.9976327361621129,1.9525865995390532,-0.6770983939243691,0.4192950246659777,-1.13159567705029,-84.36636429252864,357.38676470729183,0.7444168734489498,62.87292637616921
1971-07-01,-0.8824366640712844,1.9320559576443168,-1.051458711208153,0.4175442822646591,-10.198045267489707,4.945645184737417,364.71413915778555,0.24630541871915046,61.84210893887262
1971-08-01,-1.88397472770937,1.9003141443839273,-1.6429034125435504,0.0,-8.219962766719224,97.91586408037148,360.42659852440255,0.24570024570071958,56.46593506874444
1971-09-01,-1.6011005741719653,1.8660086960609938,-1.8052514329968905,0.20790404966068987,17.03853955375272,37.86492374727632,367.6706116908412,0.0,56.47710924150646
1971-10-01,-1.0589880123327289,1.8431256576642248,-1.226309311691498,0.4149118827744047,4.532728969470701,21.37824047703046,371.96647747364716,0.2450980392156188,56.550160395938185
1971-11-01,0.15934578039125125,1.842256214961958,-0.047172188106192614,0.20661543351838674,2.2701186073204926,-50.168287237583975,376.65909809531047,0.0,56.47752827298505
1971-12-01,4.152071754758091,1.9202120976360315,4.231544018739175,0.41237882873232934,-10.69958847736634,78.78161750779302,396.37737272341866,0.48899755501208286,57.335449720680145
1972-01-01,-6.857094324747104,1.7667742849999257,1.4531128571719898,1.2320225651234917,-0.33514872224545966,-88.86446125955273,410.88124869785156,0.0,60.91800622187344
1972-02-01,-1.4047899007998077,1.7433589020034743,-1.3253183043951955,0.4056870931780754,3.853159590864541,73.22568703868232,427.5245913457878,0.48661800486606843,58.36092974179886
1972-03-01,-0.514687421703075,1.7281119344235423,-0.8745742234952392,0.6060718843564183,4.155423637344846,35.56600607354007,428.38162746491315,0.2421307506052628,58.083171790935886
1972-04-01,0.24605678241200746,1.7296027622807166,0.08626917200660333,0.4015814032277909,5.660621761658069,-2.093674891602173,429.41329145502954,0.24154589371974122,58.07173662755085
1972-05-01,0.053496129414520865,1.7346979798798106,0.2945888911726202,0.0,-2.488660046585711,-1.6063043806765251,430.7470206640674,0.24096385542216048,62.130805483898484
1972-06-01,-0.2641924831779163,1.7273643815384494,-0.42275937520082074,0.40000749852440176,-1.1189338697511375,-1.1189338697508773,490.42366856206945,0.24038461538453681,62.103242605329626
1972-07-01,-0.34688278526281424,1.7159552295105556,-0.6604948064132476,0.7968276267916297,-9.45963127781313,-7.240740458669688,537.0512153488032,0.47961630695430024,60.94389564255871
1972-08-01,0.813265403250929,1.7340391644045932,1.0538698552872816,0.0,-6.586153630108138,-19.876113590514194,532.125349269527,0.23866348448682295,61.10014788569753
1972-09-01,0.2040303848967362,1.7246722389287474,-0.5401795800305309,0.9881286588929283,17.393265183403585,2.0819016121175538,522.8327082602462,0.23809523809517064,61.5361535399337
1972-10-01,0.4510854244435425,1.7338957483591853,0.5347978138829923,0.391396735430094,3.1117940837494196,-31.348331111162985,517.2421859217162,0.4750593824226712,61.981577412494595
1972-11-01,-0.08108023827645416,1.7264890077614556,-0.427173352535104,0.584806190805276,6.631892697466557,192.13859910581644,510.33073912920077,0.23640661938579832,61.95310994214199
1972-12-01,-0.1872600730898677,1.7206514899973797,-0.33811496846103406,0.38757274231453476,-2.271139063591998,-78.77358490565956,501.4513588136061,0.2358490566036986,61.226655766210236
1973-01-01,-0.025014852576532576,1.7045252767347454,-0.9372155463427956,1.1582916422800293,-10.117983553807585,34.49257400410181,500.36064597311565,0.23529411764700026,60.77511281939045
1973-02-01,-5.854940107545414,1.606827664308786,-5.731661111715091,0.5725298547303526,9.546539379474982,147.75873291386318,626.9852649916514,0.7042253521124975,61.43756324408072
1973-03-01,-6.086176507785835,1.5116298510337458,-5.924581421492503,0.7590274807077302,-0.6899055918664687,-116.60253326920215,683.5533066701889,0.9324009324011895,61.464523067412394
1973-04-01,0.3502069050903778,1.5188527609072409,0.4778226540416375,0.5649518057732728,5.728214503351614,1.1940868784305831,676.4809279276723,0.6928406466510939,61.33124044081507
1973-05-01,-1.5545685284667932,1.4943357740316279,-1.6141779839784154,0.7490777252877834,-2.708933717579176,8.851095242826231,667.5709312816615,0.6880733944952366,61.3875842248821
1973-06-01,,1.381445509381364,,0.5576312028359176,2.203791469194294,-296.954576921015,699.8031353992874,0.683371298405766,61.379543457618226
1973-07-01,,1.248773145360482,,0.36969261385479957,-16.693716670531046,76.47322797543843,743.4854201216114,0.2262443438913575,61.40144831407527
1973-08-01,3.8557107376641753,1.3203429430078129,5.731208899969653,0.0,0.0,-100.0,721.5514308762191,1.8058690744921169,61.42728481143537
1973-09-01,-0.024750433142783912,1.3229430174933974,0.19692417787013916,0.0,18.8004453103257,8.090373555994685,763.7683247044495,0.22172949002210451,61.44862800490639
1973-10-01,-0.4538702758102975,1.3188776203521535,-0.30729948965955156,0.7366320815753946,-1.5110694623402865,-148.55942975891224,757.7958060033485,0.8849557522121687,66.89353923028992
1973-11-01,1.2365835104097722,1.4014038296214844,6.257306060534673,0.819573418077868,6.636536631779166,0.07002426794967985,730.5440543119607,0.6578947368424126,66.91825240167752
1973-12-01,2.927037296629842,1.438865076971365,2.6731229470094098,0.9025147545803414,-1.8960517510595354,-16.515382899505525,706.6943411509618,0.6535947712416723,66.94240391007911
1974-01-01,5.857094431374854,1.5254126279858222,6.0149872562498485,0.7155769527095845,-12.789904502046333,26.407642728706104,682.1218904425509,0.8658008658011029,67.81509591853052
1974-02-01,-3.4265584982303365,1.4789759617599585,-3.0442036058911714,0.888116037211284,7.0655716334244945,-25.98813713987875,683.6018812064442,1.287553648068318,68.17714696845485
1974-03-01,-3.419181313665365,1.444022879345773,-2.3633299876349434,0.17603114217681348,1.3880433459150465,-301.19323024471186,708.2103742727107,1.271186440678096,67.92154509624875
1974-04-01,-3.746232786688386,1.3859984314062137,-4.018249902373272,0.7030008753426742,2.714062687642671,-52.61939499551465,731.8430478043421,0.4184100418408887,68.17187828914523
1974-05-01,-2.5484523017511918,1.3604375417825807,-1.8442221177479512,0.52356995513958,-1.1341049924003643,-58.134634855006674,740.8568689741829,1.2500000000001288,69.230894691577
1974-06-01,2.7249064595432415,1.4041347590813489,3.2119973138577063,0.34722865186302965,5.451750236518449,147.38049460331237,735.3438376964259,0.8230452674895083,69.58817188684475
1974-07-01,1.061049964787797,1.4256844195030727,1.5347287916882335,0.3459991869367185,-17.875967253560564,7.082009395286502,727.5665151394116,0.8163265306124767,69.42842638020542
1974-08-01,2.522917810280867,1.476859781808975,3.5895294642933395,0.1724170117746393,-5.626109517957167,0.0,709.3124983773529,1.2145748987855587,71.98092895108879
1974-09-01,1.7042414985495746,1.5174415633851506,2.7478425559444686,0.17212024718775698,17.204456663290447,-8.48910023508163,697.1174538638352,1.199999999999668,73.99714253098226
1974-10-01,-2.5360685311602293,1.4833771949955628,-2.2448553678466543,0.6872980097180514,0.0,-100.0,688.3573096189053,0.9881422924902905,73.98091612261281
1974-11-01,-3.0029682753182185,1.440263783474728,-2.9064361826705576,0.6825788912112607,6.888888888888789,3.8024691358023945,705.3845153573301,0.7827788649704459,73.74582478894595
1974-12-01,-2.3130116852050686,1.415478921791221,-1.7208557187845197,0.16949468233735665,-8.962808962808966,372.7090891796833,702.116787722946,0.7766990291264264,73.95369026650076
1975-01-01,-3.7876321821756043,1.3533741003401036,-4.3875483057371545,1.015219959311242,-10.27657954833795,-19.650850038061364,718.7361183569552,0.38535645472053126,74.25243646021484
1975-02-01,-1.5053491056704393,1.3365189677389606,-1.2454156317094678,0.5025219487912569,6.645927601809953,-5.939279274013259,741.2051185277593,0.7677543186182634,75.11043959141452
1975-03-01,-0.5495212727212095,1.3275999107277212,-0.6673348621701991,0.5000092923509447,6.112437019358263,340.36355473673854,745.7076073155715,0.3809523809522819,75.68547024075174
1975-04-01,2.512410964817602,1.3548852078207778,2.0552349297839445,0.8291759295364853,-4.848181931775509,-278.6319068402377,727.9206710983284,0.379506641366123,75.34480073812023
1975-05-01,-1.0990862424727132,1.3409762775112537,-1.0265762906877862,0.4934302332072704,4.674983585029491,-512.2178825026385,721.1338416956585,0.5671077504724398,75.79745220357668
1975-06-01,-0.344886315398496,1.3354707737951181,-0.4105593669675778,0.8183193071938266,-2.6470957219923097,-148.5549705535075,709.2043060523329,0.7518796992483257,75.61875248547636
1975-07-01,5.374919933935018,1.4230040712242886,6.554489933195606,0.0,-16.365979381443275,-8.447027512967319,683.2950177045936,1.1194029850747356,74.88351304328037
1975-08-01,4.452013096541396,1.4915200977797063,4.814886193295953,-0.16234068614907615,1.7411402157165412,-130.94749951381584,677.4875303491824,0.18450184501841438,75.03775927822107
1975-09-01,1.5449710809149142,1.515538398773168,1.6103236576708424,0.4878139790081004,14.826593972436708,-13.821201897805006,668.8976283282242,0.5524861878451581,75.85257914741108
1975-10-01,-1.3150349406762518,1.5013966790561695,-0.9331152367004658,0.16181530200591876,3.3104721709312113,0.0,683.8854073374439,0.5494505494504143,77.13759573165457
1975-11-01,0.15107491768351355,1.5097424818548264,0.5558692725964542,0.32310776620418924,9.817439039959153,42.51121187037686,673.6533637888176,0.7285974499091408,77.25052371225482
1975-12-01,1.4852634027559652,1.5327712686811614,1.525345355457075,0.32204111873062047,-6.870495233666607,-23.344397251178524,667.9410910027179,0.36166365280281276,75.54623821167144
1976-01-01,-0.7851208174346813,1.511347408813204,-1.397720606179631,0.802583207697305,-6.76569716639629,-34.163919672178096,669.0888092142245,0.18018018018013393,77.39259239196625
1976-02-01,-1.6787031352484383,1.481883072003134,-1.94954096181017,0.6369287430339599,8.555362163609747,28.73089621499605,686.4222483355358,0.3597122302157363,77.57430990929319
1976-03-01,0.0234420785401257,1.4802025105816343,-0.11340715426541026,0.3164616033320744,-1.591021213616206,-126.02924510432412,752.5174553550164,0.1792114695344127,78.87645375386278
1976-04-01,-0.9296511858637002,1.4647572943582734,-1.0434529135673332,0.4731949247525291,5.77766637423236,-219.1718144149028,745.8465133185699,0.35778175313048166,81.18441500421825
1976-05-01,0.9699168083310061,1.487174723563271,1.5304534950153048,0.1569887786511126,-0.28436018957342934,-106.08259225730812,726.3320464855016,0.7130124777181779,83.59831715230817
1976-06-01,0.6013511267918714,1.501708416101164,0.9772686630304062,0.15671738007665414,1.8179657794676896,-168.67774989638139,720.6705734001011,0.5309734513276876,86.02481245689796
1976-07-01,-0.07763074952450433,1.510832061385087,0.6075510522615568,-0.1564721610053832,-16.99148091959396,3.821962154369555,714.9380654054705,0.5281690140843676,84.9488622481509
1976-08-01,-1.8102008319971108,1.4866171465646396,-1.6027535713167063,0.3134600902614082,-0.913819766624413,-152.48398482648014,742.986600202227,0.5253940455340222,86.53597355669729
1976-09-01,-1.4083949841391052,1.4684920414772218,-1.2192180837751199,0.15625291964180832,17.90578887627692,20.7680530644096,762.3921489047334,0.3484320557494147,88.21024258927326
1976-10-01,-2.511937724213298,1.4368191396758039,-2.1568316958365474,0.15600915078879396,3.417569193742498,3.235098115359207,780.912782658989,0.5208333333331927,88.52288385355315
1976-11-01,-0.761473554542691,1.4239048750886452,-0.8988093372748751,0.31153228270914823,4.142424947637835,-57.80544263348876,756.1115152393977,0.17271157167524365,90.39986926522039
1976-12-01,-1.0742430531207936,1.4090898106068728,-1.0404532452246928,0.3105647731817207,-8.145251396647947,18.554065167454237,760.8719047170873,0.3448275862068195,87.28426465151294
1977-01-01,0.22221290521244885,1.404283851181245,-0.3410683541567816,1.0835863744549146,-3.8316506507724,-43.36650670970975,750.7282682819706,0.5154639175260156,88.8691685389136
1977-02-01,0.5773092371893052,1.4203514996305415,1.1441880810479255,0.4594265977904799,5.42625853781924,-36.57476522852717,754.0627343627497,1.0256410256407555,89.03007038517794
1977-03-01,-0.5365610184412839,1.420127555810886,-0.015766788693771794,0.15241720582594986,1.067786442711527,-167.11327501941804,756.8450347872949,0.6768189509308131,89.02392828457405
1977-04-01,-0.7694559447871341,1.414582915764831,-0.39043253708916925,0.45662954071377104,4.4159544159543485,-23.568546019740243,756.0268258139931,0.8403361344535565,87.8462432441813
1977-05-01,-0.6152808801952236,1.4086399684371178,-0.42012011183523157,0.3030359421784423,-3.399272396543751,-7.081998235459838,761.1970521018507,0.5000000000002336,89.36699528371457
1977-06-01,-0.16961370485927274,1.4091932384481185,0.039276892846840106,0.4531562013288193,1.9889372719783305,9.404549548820567,750.4518673966169,0.6633499170810797,89.18728261666303
1977-07-01,-2.986025571501516,1.3759402329401897,-2.3597193486784573,-0.1503787537275203,-16.3397184398801,-3.8358191543049704,770.5088476007719,0.4942339373972704,88.12225944317049
1977-08-01,1.3704028027015758,1.3993692586082138,1.7027647791037825,0.0,-1.8896551724138178,106.78641909816345,765.7185409403066,0.3278688524589235,88.72082304273377
1977-09-01,0.362803956447455,1.406917028536755,0.5393694253400971,0.15060523199843523,18.54351187965704,3.561546535517511,758.0152267730725,0.32679738562084726,88.40852828092989
1977-10-01,-1.979601498463479,1.3835577485699422,-1.6603168127908186,0.0,2.7751423149906085,-18.797772402916095,784.0372965996688,0.32573289902271263,88.68312918104955
1977-11-01,-1.5893225629316055,1.366145176690601,-1.2585359662319107,0.15037875372774234,4.488806831294623,8.361814348726043,809.6553202408721,0.4870129870132134,89.1840613354282
1977-12-01,-3.9660940905492326,1.3122607513528566,-3.944267875561802,0.3003059111684747,-4.914411927112106,-39.66531310335545,876.1810912784789,0.3231017770596978,89.91250777721214
1978-01-01,-1.5887764099228763,1.2900737147040708,-1.69074908518847,0.7485169373125267,-7.4216027874564166,93.69205243072822,896.3960286015482,0.6441223832529985,90.57984911159413
1978-02-01,-2.0251132940073413,1.2682687633475682,-1.690209722744751,0.29715830217083017,-2.6596411993475733,-149.01427347795442,924.8842320259896,0.6399999999998407,90.19876220541343
1978-03-01,-1.9947000732328024,1.249149880900929,-1.5074787773039056,0.2963018294769526,6.134811187008626,474.535407232737,932.8326002918777,0.794912559618588,89.35298950287829
1978-04-01,0.30971928632304024,1.2573288667178977,0.6547641673767535,0.4431397131384962,-2.465088038858476,-155.82231623479603,911.1255897975913,0.7886435331228236,87.72994065279006
1978-05-01,3.21505587297346,1.3080145770731846,4.031221400936702,0.14706154958379347,-1.7554780876494203,-48.357239936572235,882.1187781255711,0.9389671361503371,88.30034837325927
1978-06-01,-1.0398860403797894,1.3046293341724806,-0.2588077350237805,0.2936674616451418,1.6727917881130594,-15.895196310078274,896.6587165929449,1.085271317829517,87.8287657206266
1978-07-01,-1.4490667441337202,1.2974839531191655,-0.5476943424583824,-0.14641562113650863,-4.935809547550852,-69.79256670969252,905.0945592471625,0.7668711656439786,87.68042908787929
1978-08-01,-2.8092896454595118,1.268651943971301,-2.2221476480346447,-0.1466066149036771,-2.202700930903345,16.566290139044117,949.6748808437758,0.4566210045664265,87.44998276312477
1978-09-01,-1.272417594064923,1.2638540149177186,-0.37819112455409476,-0.14684559617457182,15.484649416811802,-16.49559416089317,986.3108763339849,0.7575757575755571,87.76349557939389
1978-10-01,-6.444083573393589,1.1913265853741348,-5.7385923285060425,0.14706154958379347,3.78453680055737,36.37271069358392,1101.8483253001416,0.9022556390978487,88.15809750851751
1978-11-01,2.939581299490168,1.2282226293849838,3.0970553720382155,0.2936674616451418,-2.170022371364766,-148.34296624742274,1150.424433907481,0.4470938897167098,83.65484216570087
1978-12-01,-0.8271865648050492,1.2199122975924612,-0.6766144503202898,0.2928312422732393,-1.9094443174022313,-61.14602630544459,1223.8711609486224,0.44510385756697524,86.83405416629452
1979-01-01,-1.859427297380556,1.1956215353937703,-1.9911892229162342,1.0218932639977085,-5.758246881920936,-22.412354220126048,1183.5347665412569,0.8862629246674247,95.3006603655761
1979-02-01,0.4817842258873828,1.2119508603237106,1.3657603553086206,0.2890227406902701,-0.43290043290039604,-83.72335211957954,1141.7120849128396,1.1713030746705932,94.47508339264787
1979-03-01,0.22088142453446924,1.219901052468742,0.6559830439748948,0.5763796132258303,9.751552795031015,58.954407850096125,1189.3331273237395,1.0130246020261024,100.83722185413235
1979-04-01,1.800784765897978,1.2507268716713449,2.526911435990642,0.42978423502439966,-3.599320882852264,46.011859459551964,1167.1741125217907,1.146131805157613,99.65015037582236
1979-05-01,0.7286936322360882,1.2722711899309136,1.7225438061292397,0.2853120323709213,-0.10567101091933928,-93.98049957656649,1109.7315671266776,1.2747875354107485,103.82165937215537
1979-06-01,-1.3000629069511827,1.2625971043318203,-0.7603792081166794,0.5689776493919885,0.8345086976962124,-50.112817170297454,1154.886863292107,1.1188811188811432,99.02018355822163
1979-07-01,-3.1283195257745477,1.2296753565630052,-2.6074626383875366,0.5657814673654116,-4.219606014686972,-14.510355919613218,1190.8065762217052,1.1065006915629505,93.32436631563407
1979-08-01,0.28510340494825037,1.243241437524669,1.103224594138541,0.14064959748480987,-5.46428136789584,148.07186900560734,1162.7840702216263,0.9575923392613372,93.33033253389405
1979-09-01,-1.8369690558198037,1.2284566054725117,-1.189216479270061,0.42135615671621274,13.169412976312977,-14.95181697807866,1274.5035991677794,1.084010840108407,86.40101943507668
1979-10-01,-0.3675856309482528,1.232061809495226,0.29347426735741866,0.13986273200641275,6.108520077351898,61.40733725861146,1270.9838131109102,0.8042895442359921,83.88083961119605
1979-11-01,-0.7770138078020072,1.227013393151253,-0.4097534965426197,0.5586469868363197,-1.3186106346484094,-39.235159413628004,1210.3047346010812,0.9308510638298406,89.78827231912648
1979-12-01,-2.298591550590756,1.2080891730480798,-1.5422993920686912,0.277782952664829,-3.0635524171645945,60.44209245821365,1279.7177389177084,1.0540184453225132,88.25746100789037
1980-01-01,-0.611232845468368,1.2112144995457388,0.258699984022992,0.5540269130122955,-4.247450409055197,-26.23709097310779,1260.4201115381072,1.4341590612779065,97.72430580695872
1980-02-01,1.369227199680445,1.229911825785211,1.5436841489665731,1.2396478055740623,0.3043071161048516,-170.2949438202267,1203.2616581010773,1.413881748071888,97.24594583780224
1980-03-01,5.84935897770682,1.3162811645390284,1.697372605946168,0.40817089352800373,7.304550758459727,-25.093460375030514,1129.318722872863,1.5209125475283969,100.06033080740102
1980-04-01,1.2652752250812416,1.3406463326544362,1.851061062925763,0.5419936106462186,-5.4588951718137935,51.66458755652592,1186.6963087745096,1.1235955056182467,100.77664141623002
1980-05-01,-4.330414301756946,1.2883131411038213,-3.903579212199604,0.5390936553259396,-2.4384633080286267,-48.891147079095305,1186.1459114104616,0.9876543209876631,102.04607426059987
1980-06-01,-1.372997767483397,1.2811697725361764,-0.554474555892881,0.2681015094356809,-0.41263852864886763,-149.44688171471654,1217.8530164167094,1.1002444987774807,102.16442750025469
1980-07-01,-1.1317978615425273,1.2649783415103273,-1.2638005807611985,0.1336923235805143,-3.4450100627441804,-18.357068153915186,1245.3909355572912,0.0,101.70639226303071
1980-08-01,2.4612214541017696,1.3037750146173142,3.0669831912430556,0.13351382584423366,-6.486022560078409,18.698546494797657,1245.1370218882653,0.725513905682984,105.64913068153237
1980-09-01,-0.03351768059522975,1.3142904398039346,0.8065367926771483,0.0,13.058869804641326,-0.8393933113835692,1206.8347155606004,0.8403361344538451,107.05975870235731
1980-10-01,2.861134452562797,1.3629519349511618,3.7024917532297197,0.1333358041109678,6.239127913719189,2.1381256787799754,1162.383935531842,0.9523809523809712,111.58523759306365
1980-11-01,4.313576302493627,1.4239994424785256,4.4790653259207724,0.6657697636074822,-3.0782665647855256,133.44772777494745,1179.4654877997668,0.8254716981132448,119.53117756268618
1980-12-01,2.739440655559311,1.4650705884059192,2.884210815132593,0.793644177124686,-5.169501069940308,68.74204733617157,1176.5105916091518,0.9356725146199008,124.57324997720609
1981-01-01,1.7691488831394153,1.4894012259646972,1.660714354060655,0.9186523152514336,-4.809976247030923,13.243847103581686,1177.2204218900738,0.8111239860950636,131.83570989443433
1981-02-01,0.07052331224798314,1.5943092157183272,-0.0283988409421565,0.7802274842154899,3.293824079850305,982.4012668554849,1139.3534170999476,1.0344827586206584,138.19561224063722
1981-03-01,-1.628102258643449,1.5669267630481851,-1.717512035944968,0.7741870639633719,8.310182389177513,13.767193410944797,1198.4049706821866,0.6825938566551226,141.58350458176793
1981-04-01,2.4422630068014595,1.6078429707900355,2.611239319332004,0.5121734304653236,-5.999776959964375,9.908264788511525,1180.9698286104936,0.6779661016949934,138.24676893244794
1981-05-01,6.078140915692121,1.710254987094789,6.369528502800992,0.509542994427159,-1.8863447621307317,-22.642069047340094,1186.0460937463351,0.785634118967482,136.86137318878718
1981-06-01,3.6788130061875535,1.7821921807098142,4.206226215263076,0.3802352239472562,-0.532043530834303,28.936949386770028,1150.969852121059,0.8908685968819663,137.731701119566
1981-07-01,2.698038556569604,1.8388692757607155,3.180189861922056,0.6313044489629549,-2.6744468757598616,-22.367516290228593,1120.9684538377664,1.1037527593818597,134.40165025525442
1981-08-01,2.5042009928702758,1.8945683176755543,3.0289832262163863,0.2509457100775103,-6.719960029977434,3.606793959350605,1091.7051577641594,0.764192139738018,136.25571677990325
1981-09-01,-5.745701721609631,1.7941421118385308,-5.300743441135792,0.50063509785363,17.23352972683443,31.9680032395251,1122.938840669654,0.9750812567713929,138.3511713574944
1981-10-01,-4.458490647969482,1.7093144321221165,-4.728035708915379,0.49812110273721455,5.345516847515697,-14.322691865934264,1065.1446246364887,0.2145922746780604,140.83120343183336
1981-11-01,-1.2299085344240956,1.6853603432879685,-1.4013857476420588,0.49567218029877846,-3.7298059199826095,21.165787350923555,1076.3905624149515,0.3211991434691086,144.33946905785942
1981-12-01,1.4924702636513576,1.7117692939865978,1.5669616769971029,0.24659376790288068,-5.360964072530672,3.7037037037033613,1053.9512362196115,0.32017075773738135,140.02407096410298
1982-01-01,1.5192452495902842,1.7284394122924776,0.9738530983375737,0.8610048203548937,-5.045816970129746,4.9031577493631415,1006.2285762980629,0.31914893617013274,140.13046903477078
1982-02-01,3.250436256544509,1.7881176891277728,3.4527259914851394,0.12197321082796364,1.21569118937217,-63.09179968629594,991.4142383849954,0.31813361611889857,139.96007324373247
1982-03-01,0.5324318616236834,1.795737945633697,0.4261607920025279,0.0,11.255572065378882,35.44314117626586,991.6577135830247,-0.10570824524308575,139.41413201961998
1982-04-01,0.735572275539309,1.8099901983955575,0.793671080823044,0.36539511607101005,-6.087924318308346,1.4691772532906637,1011.9964332581784,0.42328042328030335,146.92107922461298
1982-05-01,-3.7094216822621373,1.7466603439047903,-3.498905935894303,0.7281492942381895,-2.619104053093091,38.84545951900472,1023.2123025048116,0.9483667017913477,143.93431926625587
1982-06-01,5.290982365684882,1.84213692315427,5.466236156483317,1.084357617606413,-0.9614214433492307,80.70353037497058,1002.6850359857522,1.2526096033404377,142.8029875945065
1982-07-01,1.3992921233843436,1.8753073718650737,1.800650553923333,0.119172453538674,-8.12238879331526,203.70350097186108,985.7969705158265,0.5154639175256381,145.3886874992616
1982-08-01,0.5804042538275933,1.8923132787608818,0.9068330424625293,-0.11903060185000092,-3.8919352681556996,-42.08395212480499,974.728608038201,0.2051282051283687,145.4153113504877
1982-09-01,0.9563778705283799,1.9075013305419788,0.8026182530961545,0.3575558841182769,15.947676036738034,-7.46134837423459,972.261604444175,0.20470829068570673,144.29869565618142
1982-10-01,1.1271884247850306,1.9257649089010225,0.9574608450655386,0.47506822676046667,3.0724915986558354,-42.52208558497461,1000.3708725589715,0.30643513789574417,147.64565563889684
1982-11-01,0.9960474312237233,1.9364077354387097,0.552654505671768,0.23639189746007538,-3.190498369818384,-14.459399811525309,1036.2347393560967,-0.20366598777998846,158.32780343251778
1982-12-01,-5.34987476727845,1.821036502264715,-5.958003113835753,0.23585346136307805,-4.8713014192926725,-9.13385440777356,1069.4428250206015,-0.40816326530624947,158.1022286059861
1983-01-01,-1.2445730830037305,1.793616854244375,-1.5057165513288728,0.4705970034042162,-3.009229991149387,-40.361887698990216,1095.557475794763,0.20491803278706033,157.99966742097533
1983-02-01,1.603583989952928,1.824242380177885,1.7074731351369055,0.0,0.9125277017338895,-24.937540905832005,1133.4837008901466,0.10224948875252604,159.3818137957529
1983-03-01,-0.7623521658064014,1.8103352288830408,-0.7623521658064014,0.0,11.962278775352008,6.278727601477422,1174.797255847135,0.0,159.5141112403802
1983-04-01,1.2665061046700954,1.8420573165277128,1.752276989286905,0.23419638055330871,-5.999769239644692,-1.4480317765866952,1081.7958730658781,0.715015321756951,159.10536474736406
1983-05-01,1.2096608853937152,1.8713128773504868,1.5882003540433232,0.23363030340781687,-1.730698416595089,-33.92021158719597,1066.313634316958,0.6085192697766972,157.97766358937108
1983-06-01,3.212867718666579,1.9305265015082878,3.1642824069932685,0.3496568695313673,3.9595303522359737,-511.8412772698785,1043.309816020098,0.3024193548388565,157.72651358271543
1983-07-01,1.5740922080471176,1.9619616129812045,1.6283180494210736,0.3484385302741755,-9.527814489967668,17.303107896153357,1047.0917176456408,0.4020100502511559,155.37863678639079
1983-08-01,3.30035554309025,2.0257658873472173,3.2520653790500065,0.34720994745358613,-3.39973439575022,-12.646687020535218,1013.7978739939143,0.3003003003002158,151.89360002634731
1983-09-01,-0.18331462782765762,2.0274653891713292,0.0838942858464975,0.23068480731043284,18.18806708825942,14.048385773326999,1025.412662915347,0.49900199600807493,153.95399603566096
1983-10-01,-2.488662344922843,1.9828984187581176,-2.198161835523471,0.0,3.8967081540073334,26.825673199955347,1052.2931526695495,0.29791459781520757,154.9160965114228
1983-11-01,3.13641080952316,2.0444345972931486,3.103344979899214,0.2301538772819356,-0.6941334527542309,-78.24372959031652,1043.4361607378708,0.19801980198035363,156.69366454674065
1983-12-01,2.400029814929394,2.090769764472537,2.2664049630512384,0.2296068314666222,-3.776775648252495,-22.468857433156042,1009.7102942944525,0.09881422924900019,157.12646567192164
1984-01-01,2.136332205894509,2.1407271509544716,2.389425527900624,0.34364903666634916,-4.651435266549575,54.57227530731012,996.8933374082496,0.5923000987165139,157.77833156224153
1984-02-01,-3.613169898664892,2.0664266356727414,-3.470807349203864,0.3424721344755133,2.7156549520767737,197.5969876768421,1066.7213866052757,0.49067713444563843,162.11014065485773
1984-03-01,-4.025878005185158,1.9848502062365385,-3.947705087998199,0.11376775529854388,6.328508194760052,-47.09613181896585,1093.0286876749947,0.1953124999999556,162.83907715791528
1984-04-01,1.7333692853639615,2.0267921983283155,2.113106165895662,0.1136384713606775,-6.548154815481566,9.140111126496416,1085.0114594890315,0.4873294346979362,161.0230229003199
1984-05-01,4.138427172064074,2.1144114661444813,4.323051366017383,0.11349113743721606,0.2046713219360674,-111.82593801285901,1056.0151487910973,0.29097963142572514,161.61954558399904
1984-06-01,-0.4872018253661903,2.103061379135003,-0.5367965124675966,0.340142411273181,-10.164604109095333,-356.7123674997291,1040.315391958753,0.2901353965185205,160.85001856610035
1984-07-01,4.022652502740232,2.198582970554932,4.542025847063846,-0.11299645489141197,7.904239668316193,-182.9596302136128,1022.4670692235142,0.38572806171637275,160.12288657362757
1984-08-01,1.4049383939464644,2.2431133726076906,2.025413761915873,-0.22624856263783188,-6.011403073872068,76.81978572757095,1024.9421015320243,0.3842459173872381,161.83998792606843
1984-09-01,4.689827162204274,2.3568752090325122,5.071604396552187,0.1133808037577344,15.811684030067275,-13.065616300294627,960.9562685978959,0.4784688995214115,159.72938092213047
1984-10-01,1.521918941273781,2.386069946298404,1.2387052633930473,0.5662619863972429,7.424276930084228,90.52689184457348,964.807683462511,0.28571428571442237,160.95490915945126
1984-11-01,-2.603878116343483,2.3213254393762917,-2.713437090247628,0.11261470302508236,-2.893788424846322,316.89222920522667,954.1340026175287,0.0,161.68758919106952
1984-12-01,3.7776885498226775,2.40631150984095,3.661101068512518,0.11246984655612913,-4.53007313612056,19.945518559372566,941.7413982889917,0.0,162.64837151040737
1985-01-01,2.1344510720618937,2.4485846458845693,1.7567607465092339,0.561808259961416,-3.8303224331122543,-17.652891771756725,921.1218618920071,0.18993352326679425,160.06850530631203
1985-02-01,3.92713956498405,2.545427954416546,3.955072931407333,0.4469356863664453,0.8441326833908747,-68.91605530572537,892.4440375363815,0.4739336492889823,159.56911051173103
1985-03-01,0.5194252908477859,2.5597630994701435,0.5631722959875907,0.33369231817370615,9.561424192407419,51.08496186074615,880.3045213809179,0.3773584905661487,165.25209735962076
1985-04-01,-6.83548893992506,2.393344075241821,-6.50134476361387,0.11086681076259985,-5.972237167760741,-8.795113493028657,895.9473517928961,0.46992481202994263,165.2522078905271
1985-05-01,1.0022705157314293,2.42637706532,1.3802023043778755,0.0,-0.9155413138017043,-547.3227148489759,915.729072453845,0.3741814780169328,166.59795403838888
1985-06-01,-1.6313947461382927,2.393466511121932,-1.3563660268824607,0.0,0.8200508200507439,-108.06771037267413,930.193955617128,0.2795899347622699,168.0190737353737
1985-07-01,-4.776207079356276,2.2833859317113507,-4.599211181734109,0.0,-1.7184098980410178,-121.7403566965358,973.1857920824473,0.18587360594812807,172.59843070330618
1985-08-01,-4.3472298409215515,2.195468121091837,-3.8503263683341116,-0.33223209715700364,-8.730621284532013,45.234335100215475,992.9833948189245,0.1855287569572761,172.98375726170102
1985-09-01,1.7956989247311927,2.2386127582386077,1.9651680082384493,0.11111318605385723,16.55172413793111,4.680337062494962,1014.1234583119722,0.2777777777777102,178.29321509542837
1985-10-01,-6.890602443575933,2.0897379185754956,-6.650316769401876,0.11098986168234237,8.010081087004206,7.890386665753482,978.7534291082308,0.3693444136658508,193.94977718452472
1985-11-01,-1.9512933368628138,2.052340543474652,-1.7895724994230977,0.11086681076259985,-2.495688343309377,-13.75705556490664,1054.5636980000852,0.27598896044152,199.5088241192624
1985-12-01,-3.0199012276380333,1.9936321178459762,-2.8605596578665904,0.11074403238560127,-8.355009884507291,84.43432663125414,1057.1612711929095,0.2752293577980902,201.06723700879456
1986-01-01,-2.81169218532511,1.9364693542506528,-2.867267390188566,0.33184670016048745,-1.8960036330608387,-50.50015589626804,1076.1240744472848,0.27447392497725875,203.3348590938426
1986-02-01,-4.599394385792621,1.844379934491674,-4.755531997283491,-0.11023782827018769,1.6317555838444742,93.30558050302284,1119.3324588311023,-0.27372262773734946,211.8640523368203
1986-03-01,-2.8995453375654123,1.7886314374568335,-3.02261459216131,-0.3311319704670135,7.025734456843402,-26.520000415603036,1087.8538479842393,-0.4574565416284204,209.1367035056215
1986-04-01,0.47265655093207126,1.793782055086538,0.2879641675664457,0.0,-1.6916693265239702,-71.67444495245567,1098.4126718572063,-0.18382352941170854,216.46209925967153
1986-05-01,-2.0356122233614493,1.7621219387224343,-1.7649923676249735,0.0,-5.725108225108288,525.3249458875081,1040.4912149297993,0.27624309392255686,210.67578185153346
1986-06-01,0.3724979805997952,1.7784306327447819,0.9255144983991048,0.0,3.2372861898748884,294.7665328442167,1076.564612380335,0.5509641873276738,216.94016906905597
1986-07-01,-3.724569597015226,1.7178991584948742,-3.40364550269161,-0.33223209715700364,-2.646502835538811,54.00882167612141,1098.2823092414146,0.0,220.82968654014326
1986-08-01,-4.16124837451235,1.6549365158202904,-3.6650953790412277,-0.3333216019261065,-8.863506567675461,1.5220598719461143,1130.5921322172414,0.1826484018266461,224.23434356584195
1986-09-01,-1.1387865865477909,1.6417171676057951,-0.7987827985016738,0.1114847889382542,16.355433011655496,-1.1859255545818317,1180.069205624847,0.4557885141293294,223.88714028743698
1986-10-01,-1.7352090583794721,1.620106335912262,-1.3163553454855648,-0.3340819162955033,6.36579060749678,-20.52776322296128,1258.7687372545304,0.09074410163336655,219.24084567622043
1986-11-01,1.0824562278645145,1.6409615058726814,1.2872716745889523,-0.111733921591739,-3.837974683544376,53.78421323453701,1238.7636243519496,0.09066183136916539,222.66685281512238
1986-12-01,-1.7173312277931396,1.6124379581764208,-1.7382216215420354,0.1118589059339925,-6.128896377421955,-26.64405593598665,1244.4090379312036,0.09057971014490018,225.88815923377393
1987-01-01,-6.703153243623216,1.5054732640284174,-6.6337246407281665,0.5586515514095725,-5.339914740857187,181.64053315850586,1478.3461696271877,0.6334841628959476,229.94047176882222
1987-02-01,-1.7006619665249523,1.4835451128601242,-1.456561979029558,0.11111318605385723,4.0767954491586655,149.84106011475018,1480.007525175867,0.3597122302157363,229.81541395734544
1987-03-01,0.4051464549685191,1.496229279687418,0.8549903010930171,0.0,8.130266454110568,15.721231766613371,1439.85032392015,0.44802867383522127,227.31967383053484
1987-04-01,-1.2487049457440502,1.4821640498549582,-0.9400450868999211,0.22197972336486238,-4.180707666385763,147.1350399771243,1474.723761919206,0.5352363960747786,216.92695225153017
1987-05-01,-1.363887355052451,1.4671378181307664,-1.013803547971781,0.0,-1.5496208374546683,-72.93289879379778,1501.26425680906,0.3549245785271715,213.76620795107067
1987-06-01,1.79701058052959,1.4971265215850265,2.0440277037141463,0.11074403238560127,-0.29024335789237243,-108.96563790993066,1476.9097633760214,0.35366931918645594,210.16527074710098
1987-07-01,1.572811262648477,1.5246928974439788,1.8412856536512034,0.0,-4.444693237796726,67.94590877102974,1445.2886195207948,0.2643171806168576,206.3419812152998
1987-08-01,0.600974553329725,1.5436506374407262,1.2433808820470293,-0.11062152564742522,-5.061511423550124,-42.89493232837358,1468.2896682925748,0.5272407732863416,213.77368836537124
1987-09-01,-2.4325924331306203,1.5156775566806218,-1.8121380629545825,-0.1107440323857789,15.339997531778348,-6.208551489609052,1502.8314312496732,0.5244755244755872,209.84454747540426
1987-10-01,-0.5957305973854021,1.5089057126898737,-0.44678658471255517,0.11086681076259985,6.794350524288562,6.73223395515211,1578.4447575113265,0.2608695652173143,215.10514147361638
1987-11-01,-6.708839687031798,1.408896528270766,-6.627928012866013,0.0,-2.73519687406073,-28.73332683021319,1792.4022061166088,0.08673026886398816,217.79935945730352
1987-12-01,-2.8551034975017875,1.3671570293925333,-2.9625666641014736,0.11074403238560127,-6.180469715698389,0.8414783853488406,1850.3337928989495,0.0,213.23253564266346
1988-01-01,1.1327455302473588,1.3801311912290812,0.9489884159329387,0.4424682258080903,-4.545454545454586,-14.877769289534973,1789.784987896534,0.25996533795487053,199.99169662954824
1988-02-01,2.7789550160440823,1.4190367324797843,2.8189741307169225,0.22026843346527603,3.7497124453645947,-8.023041819809023,1723.6661779317576,0.25929127052715106,200.50185273110378
1988-03-01,-1.1545711592837016,1.408698861487393,-0.7285132763494961,0.0,9.379157427938,15.361009148673196,1718.7135400909697,0.4310344827586965,201.06991722414787
1988-04-01,-0.2800953516090554,1.4088914192917568,0.013669195711596416,0.21978431799118958,-6.699777011960362,60.25461588306514,1734.4287081441216,0.5150214592275271,198.9470894235612
1988-05-01,1.2012191477917877,1.4275550508083055,1.3247033278072529,0.2193023258697968,-1.3362303096143613,-13.770499381694679,1676.2189539527458,0.34158838599478436,195.3089196034533
1988-06-01,3.6789890161804673,1.4847486152272715,4.006399920380099,0.10939354038830285,3.5895177273729484,31.71788992771991,1530.7045941814574,0.42553191489369535,191.02165348064028
1988-07-01,5.029333029560856,1.5660292862462104,5.4743725762961715,0.0,-7.876275510204101,77.2062792371345,1452.8953033189189,0.4237288135592099,204.28178194473534
1988-08-01,2.3535791757049784,1.6114111152161508,2.8978914614503193,-0.10927400168914136,-0.2999884619821924,-94.07314462264354,1404.3020891241804,0.42194092827010365,222.45288506172383
1988-09-01,-1.086150259616403,1.602870685284548,-0.5299969604874666,0.10939354038830285,13.563244994792157,-11.582482548028246,1381.7826007442936,0.6722689075630228,222.49624374252517
1988-10-01,-2.431838877283199,1.5673998129447075,-2.2129590780770703,0.10930932543318228,4.942423316009492,-27.256868800906993,1434.5149740977542,0.33388981636051085,233.74662708230014
1988-11-01,-3.9418062036782775,1.5019496669173344,-4.175714804023778,0.3274993414903449,-1.8838609438726728,-31.125215821270896,1472.1953806269892,0.08319467554074311,227.87614525174016
1988-12-01,0.33148539749672246,1.506155819160256,0.2800461517165509,0.21763191296981788,-5.057403008709393,-18.171219319081967,1401.6743229515812,0.16625103906913186,222.55996938077297
1989-01-01,4.266590714896035,1.564646005814048,3.88340873565145,0.8686196732712981,-3.5859480871468397,-21.109142082770227,1318.3841297696192,0.4979253112031845,224.36817368677399
1989-02-01,1.18553321678323,1.5846148729977396,1.2762546358402904,0.32293389022792773,0.8541463942047134,-77.22101610056494,1336.2628953445262,0.4128819157721564,229.87521141564577
1989-03-01,0.7127044975973051,1.6033750762658041,1.1838967049813354,0.10729812805685413,9.551886792452846,1.8416298675223295,1316.7128711367197,0.5756578947368807,232.1166644102877
1989-04-01,0.27341446416127013,1.6079354222952893,0.284421661343659,0.6430814143115304,-2.5932087288383365,-61.29410390511547,1346.8616871293784,0.6541291905151292,234.20826789838952
1989-05-01,4.271813515825484,1.6843636152843586,4.753187965718797,0.10649825210686803,-7.263411693791467,443.57483448251537,1317.61319521698,0.5686433793663959,255.7979939412681
1989-06-01,1.5689893862482762,1.713114303109202,1.7069169366965786,0.10638495399035719,7.929801754956145,120.91552005677681,1329.166820848625,0.24232633279477334,281.69816000362744
1989-07-01,-4.38184663536777,1.6437549377869474,-4.048729567920328,-0.10627189668195314,-6.453879353608438,-18.059248368761082,1359.9533874637345,0.24174053182910438,295.47404335572884
1989-08-01,1.6841771817749818,1.6741258838290385,1.8476565663115618,0.0,-4.077253218884048,-5.918591971142302,1351.964504872742,0.1607717041800294,290.3601621735526
1989-09-01,1.3811007268951236,1.7008863881794685,1.598476232218804,0.10638495399035719,14.407158836688971,6.222064426476478,1376.7427254469249,0.3210272873195086,318.5453822482138
1989-10-01,-4.409505275017922,1.6284983360625047,-4.255901665157291,0.31879851617784283,6.462651544779119,30.758762080239165,1417.904545289157,0.48000000000005816,329.67855332097395
1989-11-01,-1.9287436378248035,1.5975188435315866,-1.9023349207603402,0.21186836017543786,-2.9111947837266894,54.533422076372354,1424.5920253229326,0.23885350318464393,337.8313335513533
1989-12-01,-4.867522534826552,1.5173614680115253,-5.017616902900491,0.31713064077514286,-5.08891411275072,0.6230688752124601,1455.7283405350713,0.15885623510718538,347.3707323710072
1990-01-01,-2.8482829906971485,1.4815344083236528,-2.3611420510646797,0.5268631404067303,-2.5513254933227425,-28.852135298124043,1459.5277941016777,1.0309278350516315,351.5504698385472
1990-02-01,-0.9339165385979453,1.4684531982725444,-0.8829501345101853,0.4192950246661331,0.276130087952664,-67.67180780412171,1481.3820306393923,0.47095761381481527,345.3449088512932
1990-03-01,1.7004773269689633,1.5015910739848832,2.256651812350685,0.0,10.872004079551223,13.820487153820022,1472.595355735059,0.5468749999998579,355.2596763224341
1990-04-01,-0.9562921677911396,1.4864396151152768,-1.0090269669356666,0.20875527201957844,-8.435286542176424,225.28374782831798,1475.4379010185237,0.15540015540027596,355.16740591555265
1990-05-01,-1.569719227579669,1.463462961919516,-1.5457508641532502,0.20833722618907036,1.868595539481599,-125.72614107883784,1497.1505298790742,0.23273855702088397,358.63678275855506
1990-06-01,1.3419991574893153,1.4895895495059779,1.7852578620912718,0.1039520422930762,0.6015779092701568,-92.41370808678579,1516.4631115405539,0.5417956656347034,359.89609534152413
1990-07-01,-2.6187648456057033,1.4561641535487033,-2.243933301516521,0.0,-3.6270953828055563,-43.79976469845837,1504.4464924380777,0.38491147036172624,362.7242942663434
1990-08-01,-4.219769498140124,1.4031808439812998,-3.638553348417628,0.3115322827090372,-3.5906825348388405,-11.933786250793187,1533.0937815035127,0.9202453987730896,367.39208010661747
1990-09-01,-0.06366588145412244,1.4096309275071583,0.4596758538662371,0.3105647731817429,13.863684321586867,-3.7722532337056207,1549.4318338983117,0.8358662613981327,372.58494062719933
1990-10-01,-2.9559788494616823,1.366339173575411,-3.071141040322245,0.7223909163032616,7.107116382505563,9.972142753806333,1587.8377055938756,0.6028636021100375,385.751982399709
1990-11-01,-2.3829843103787773,1.3395217553373509,-1.962720439895227,-0.20492183298399524,-3.4345531620381786,17.977442843639814,1612.2684807646867,0.22471910112353832,386.71671504284035
1990-12-01,0.336247478143914,1.342647349803547,0.2333365959710676,0.10267131242738259,-6.316072388460892,24.114344406705936,1631.2799826334633,0.0,387.9124066274228
